{
  "appKey": "",
  "appSecret": "",
  "encryptJs": false,
  "excludeScenes": [],
  "fb-instant-games": {},
  "includeAnySDK": false,
  "includeSDKBox": false,
  "inlineSpriteFrames": true,
  "inlineSpriteFrames_native": true,
  "jailbreakPlatform": false,
  "md5Cache": false,
  "mergeStartScene": false,
  "oauthLoginServer": "",
  "optimizeHotUpdate": false,
  "orientation": {
    "landscapeLeft": false,
    "landscapeRight": false,
    "portrait": false,
    "upsideDown": false
  },
  "packageName": "org.cocos2d.helloworld",
  "privateKey": "",
  "qqplay": {
    "REMOTE_SERVER_ROOT": "",
    "orientation": "portrait"
  },
  "startScene": "2b1573da-58bf-4bc5-8e50-479bf826baf8",
  "title": "hello_world",
  "webOrientation": "auto",
  "wechatgame": {
    "appid": "wx6ac3f5090a6b99c5",
    "orientation": "portrait"
  },
  "xxteaKey": "509e3f6c-e23f-43",
  "zipCompressJs": true
}